{
  "model_name": "logistic_regression",
  "model_params": {
    "C": 1.0,
    "class_weight": "balanced",
    "dual": false,
    "fit_intercept": true,
    "intercept_scaling": 1,
    "l1_ratio": null,
    "max_iter": 1000,
    "multi_class": "deprecated",
    "n_jobs": null,
    "penalty": "l2",
    "random_state": 42,
    "solver": "lbfgs",
    "tol": 0.0001,
    "verbose": 0,
    "warm_start": false
  },
  "performance": {
    "accuracy": 0.9230769230769231,
    "precision": 0.9090909090909091,
    "recall": 0.9090909090909091,
    "f1_score": 0.9090909090909091,
    "roc_auc": 0.9939393939393939,
    "pr_auc": 0.9920798898071626,
    "confusion_matrix": [
      [
        14,
        1
      ],
      [
        1,
        10
      ]
    ]
  },
  "feature_importance": [
    -0.08124168757268593,
    -0.3261805534555736,
    0.0,
    -0.21189218849533592,
    -0.4793433144392952,
    -0.14621071995225615,
    -0.10020878436270815,
    3.0829615180175307,
    0.46879500801226603,
    -0.17226724600873222,
    0.05511342838869027,
    0.0,
    0.009342420620803642,
    0.016777576329463875,
    0.05879097528329051,
    0.017061445530893126,
    -0.06612222854349885,
    -0.19538817965129537,
    0.08710671667026171,
    0.0,
    0.0,
    0.0,
    0.3392814203603402,
    -0.2703037351070658,
    0.02717925762005612,
    -0.05561641048355245,
    0.10977680610877302
  ]
}